type,key,value
meta,code,A01
meta,title,医院管理总览
meta,subtitle,体系、趋势与中国特色
meta,author,医院管理培训中心
meta,duration,12小时（2天）
meta,target,医院院长、中高层管理者

type,title,subtitle,gradient
title,医院管理总览,体系、趋势与中国特色,blue

type,title,items
list,课程信息,"课程定位：医疗健康养老机构管理课程体系导论|课程时长：12小时（2天）|课程对象：医院院长、中高层管理者|教学方法：理论讲授、案例分析、数据比较、课堂讨论"

type,title,columns
card,课程目标,3
card_title,card_content
知识目标,"掌握医疗健康服务体系演进|了解世界医疗保障体系差异|把握中国医改历程与方向|理解医院管理核心模块关系"
能力目标,"从宏观视角审视医院管理|识别本院挑战与机遇|系统性规划管理改进"
素质目标,"培养战略思维与全局观念|增强管理自信与改革动力"

type,number,title,subtitle,gradient
section,第一篇,纵览古今,人类健康与医疗服务演进,blue

type,title,items
list,1.1 人类健康观念的演变,"从"治病"到"治未病"的理念变迁|健康定义的演化：生物医学→社会心理→生物-心理-社会|疾病谱变化：传染病→慢性病→复杂多因素疾病"

type,title,headers
table,健康观念的历史演变,"时期|健康观念|核心理念"
row,"古代|阴阳平衡|中医阴阳五行，印度阿育吠陀"
row,"中世纪|宗教与医学混合|疾病是上帝的惩罚"
row,"近代早期|机械论医学|身体如机器，修理故障"
row,"现代|生物-心理-社会|WHO健康定义（1948）"
row,"当代|全生命周期健康|健康中国战略"

type,title,items
list,1.2 医疗服务模式的演进,"个体行医 → 医院出现 → 现代医学中心|经验医学 → 循证医学 → 精准医学 → 智慧医学|以医生为中心 → 以患者为中心 → 以健康为中心"

type,title,headers
table,医疗机构形态演变,"阶段|时期|形态特征|代表"
row,"个体行医|古代-19世纪|医生上门服务|郎中、教会医生"
row,"医院雏形|中世纪-18世纪|慈善机构、隔离场所|修道院医院"
row,"现代医院|19世纪-20世纪|专业分工、科学诊疗|约翰霍普金斯医院"
row,"医学中心|20世纪后半叶|多学科协作、研究型|梅奥诊所"
row,"智慧医院|21世纪|数字化、智能化|未来医院"

type,title,items
list,1.3 医疗保障制度的起源与发展,"德国俾斯麦模式（1883年）：社会保险起源|英国贝弗里奇模式（1948年）：国家医疗服务体系|美国市场模式：多元保障体系|新加坡模式：储蓄积累型"

type,number,title,subtitle,gradient
section,第二篇,横看世界,全球医疗体系比较,green

type,title,headers
table,2.1 世界主要医疗保障体系类型,"类型|代表国家|核心特征|优势|弊端"
row,"国家卫生服务型|英国、加拿大|政府税收+公立服务|公平、可及|效率低、等待长"
row,"社会保险型|德国、法国、日本|强制保险+多元供给|保障充分|成本高、管理复杂"
row,"市场保险型|美国|商业保险+市场化|效率高、质量|公平性差、费用高"
row,"储蓄积累型|新加坡|个人账户+政府补贴|激励节约|抗风险能力弱"

type,title,chart_name,chart_labels,chart_values
barChart,2.2 人均医疗支出比较（OECD数据）,人均医疗支出（美元）,"美国|德国|英国|日本|中国","11500|6500|5500|5000|800"

type,title,columns
card,2.3 国际医疗管理发展趋势,2
card_title,card_content
价值医疗,"Value-Based Healthcare|以结果为导向|关注健康产出而非服务量"
人本医疗,"Patient-Centered Care|以患者为中心|尊重患者选择与尊严"
整合医疗,"Integrated Care|医防融合|连续性服务"
数字化医疗,"Digital Health|远程医疗|AI辅助诊断"

type,number,title,subtitle,gradient
section,第三篇,回望中国,发展历程与战略方向,purple

type,title
timeline,3.1 中国医疗卫生发展历程
event_date,event_title,event_desc
1949年前,萌芽期,传统医学与殖民医疗并存
1949-1978,奠基期,公费医疗与农村合作医疗
1978-2003,转型期,市场化改革与医保探索
2003-2009,深化期,新医改启动
2009-2017,突破期,全民医保与公立医院改革
2018-至今,高质量期,DRG/DIP、国考、区域医疗中心

type,title,items
list,3.2 中国医疗保障体系现状,"三大基本医疗保险：职工医保、居民医保、新农合|医疗救助与补充保险|医保支付方式改革：从按项目到按病种（DRG/DIP）|覆盖人口超过13亿，参保率稳定在95%以上"

type,title,items
list,3.3 国家健康战略与顶层设计,""健康中国2030"规划纲要|《关于推动公立医院高质量发展的意见》|《"十四五"国民健康规划》|分级诊疗与区域医疗中心建设|国家医学中心与区域医疗中心布局"

type,title,headers
table,3.4 中国医疗机构类型与功能定位,"机构类型|功能定位|行政级别|典型代表"
row,"国家级医学中心|疑难危重症诊治、科研|副部级/正局级|协和医院、华西医院"
row,"省级区域医疗中心|区域疑难诊治、技术引领|正厅级|各省人民医院"
row,"地市级医院|常见病多发病诊治|副厅级/正处级|市人民医院"
row,"县级医院|县域医疗服务龙头|正科级/副处级|县人民医院"
row,"基层医疗机构|首诊、健康管理|股级|社区卫生服务中心"

type,number,title,subtitle,gradient
section,第四篇,直面挑战,医院管理的普遍问题与中国特色,red

type,title,columns
card,4.1 医院管理面临的普遍性挑战,3
card_title,card_content
质量与安全,"医疗质量与患者安全|医疗差错与纠纷"
效率与成本,"运营效率与成本控制|资源配置优化"
人才队伍,"人才竞争与队伍建设|薪酬与激励"
学科发展,"技术创新与学科发展|科研能力提升"
服务体验,"服务体验与品牌建设|患者满意度"
合规风险,"法规合规与风险防控|医保监管"

type,title,items
list,4.2 中国医院管理的特殊性问题,"宏观政策：DRG/DIP支付改革、药品耗材零加成、国考导向|体制机制：事业单位体制约束、编制管理、薪酬限制|区域差异：东西部差距、城乡差距、医保基金差异|医院类型：三级虹吸、二级夹缝、基层困境、民营危机"

type,title,left_title,right_title
comparison,4.3 代际变化带来的管理挑战,00后员工特点,管理应对策略
left_item,right_item
自我意识强,柔性管理
追求工作生活平衡,职业发展通道
重视职业发展,公平透明机制
数字化原住民,信息化工具

type,number,title,subtitle,gradient
section,第五篇,模块图谱,医院管理核心模块与逻辑关系,blue

type,title,headers
table,5.1 医院管理六个层次,"层级|名称|核心要素"
row,"第一层|顶层设计|战略规划、治理结构、使命愿景"
row,"第二层|组织与人力|组织架构、定岗定编、绩效管理、人才建设"
row,"第三层|核心业务|学科建设、医疗质量、护理管理、科研教学"
row,"第四层|运营支撑|流程管理、医保管理、信息化、运营效率"
row,"第五层|外延发展|品牌建设、文化建设、医联体、多院区管理"
row,"底层|财务与合规|财务管理、风险内控、法规合规、安全保卫"

type,title,items
list,5.2 六大模块22个要点,"战略与定位：战略规划、多院区、互联网医院、医联体|组织与人力：组织架构、定岗定编、绩效管理、人才建设|运营与质量：医疗质量、流程优化、等级评审、医保管理|学科与科研：学科建设、科研教学、转化医学|服务与品牌：患者体验、品牌建设、文化建设|保障与支撑：信息化、运营管理、财务管理、法律合规"

type,quote,author
quote,"战略规划指明方向，组织人力提供支撑，核心业务创造价值，运营质量保障效率，服务品牌提升形象，财务合规守住底线。",医院管理模块逻辑

type,number,title,subtitle,gradient
section,第六篇,重点聚焦,当前热点与应对策略,green

type,title,items
list,6.1 医保改革对医院的深远影响,"DRG/DIP：从"收入中心"到"成本中心"的转变|病种结构调整压力，成本管控成为核心竞争力|飞行检查与合规管理：医保基金监管趋严|应对：精细化成本管理、临床路径优化、病案质控体系"

type,title,columns
card,6.2 人工智能带来的变革与机遇,2
card_title,card_content
AI应用场景,"辅助诊断：影像、病理、心电|智能问诊：预问诊、分诊|运营管理：排班、耗材预测|科研辅助：数据分析、文献挖掘"
应对策略,"拥抱技术、积极试点|人才培养转型|数据治理基础|伦理与安全管理"

type,title,items
list,6.3 高质量发展路径——五个"新","新体系：国家区域医疗中心建设|新趋势：学科建设、技术创新|新效能：精细化管理|新动力：人事薪酬改革|新文化：患者至上"

type,number,title,subtitle,gradient
section,第七篇,实战研讨,医院管理改进工作坊,purple

type,title,items
list,7.1 小组研讨任务,"每组选择一家医院（可虚拟或真实）|分析医院内外部环境（PESTEL分析）|设计医院3-5年战略定位与发展路径|提出核心学科群建设规划|时间：60分钟小组讨论 + 30分钟展示"

type,title,headers
table,研讨框架：SWOT分析,"要点|优势（S）|劣势（W）|机会（O）|威胁（T）"
row,"学科建设||||"
row,"人才队伍||||"
row,"运营管理||||"
row,"品牌文化||||"

type,number,title,subtitle,gradient
section,总结,课程总结,核心要点回顾,blue

type,title,items
list,核心要点回顾,"医疗服务的本质是满足人类健康需求|没有最好的医疗体系，只有最适合的|中国医改取得巨大成就，也面临独特挑战|医院管理是一个系统工程，模块间需要协同|面对变革，战略思维和持续改进是关键"

type,quote,author
quote,"医院管理者的使命，是在变革中把握方向，在挑战中创造价值，在服务中成就他人。",课程寄语

type,title,subtitle
end,谢谢！,医院管理培训中心
